{
	"@type" : {
		"ref" : "/sys/type/construct/global/switchportCommandGroup.jtype"
	},
	"@id" : "25a14149-007c-4cbf-b712-bdf02870fbee",
	"regEx" : ".+",
	"linkedFeature" : {
		"path" : "/sys/type/construct/feature/qos.jtype"
	},
	"associatedFeatureType" : "featurePath",
	"ignoreDelete" : true,
	"cliBlocks" : {
		"@ref" : [
			"/org/instance/construct/global/cliCommands/ios_qos-intf-accessMarking_cli.json"
		]
	},
	"maskCommands" : [
		"^interface",
		"^service-policy"
	],
	"advanced" : {
		"renderingConditions" : [
			"$discover.vlan.accessMode"
		]
	}
}