{
	"@type" : {
		"ref" : "/sys/type/construct/global/switchportCommandGroup.jtype"
	},
	"@id" : "e013bad7-7b00-4195-9da6-93f28f0b97cb",
	"regEx" : ".+",
	"linkedFeature" : {
		"path" : "/sys/type/construct/feature/switching"
	},
	"associatedFeatureType" : "featurePath",
	"maskCommands" : [
		"^interface",
		"^switchport",
		"^spanning-tree"
	],
	"cliBlocks" : {
		"@ref" : [
			"/org/instance/construct/global/cliCommands/ios_trunk-interface_cli.json"
		]
	},
	"advanced" : {
		"renderingConditions" : [
		]
	},
	"maskCommands" : [
		"^interface",
		"^switchport",
		"^spanning-tree"
	]
}