{
	"@type" : {
		"ref" : "/sys/type/construct/global/switchportCommandGroup.jtype"
	},
	"@id" : "27ee9796-1406-4791-bccb-cf511ad75d19",
	"regEx" : ".+",
	"linkedFeature" : {
		"path" : "/sys/type/construct/feature/switching.jtype"
	},
	"associatedFeatureType" : "featurePath",
	"cliBlocks" : {
		"@ref" : [
			"/org/instance/construct/global/cliCommands/ios_lldp-results_cli.json"
		]
	},
	"advanced" : {
		"renderingConditions" : [
			"$discover.description === Alex"
		]
	},
	"maskCommands" : [
		"^interface"
	]
}