{
	"@type" : {
		"ref" : "/sys/type/construct/global/switchportCommandGroup.jtype"
	},
	"@id" : "2c2279cb-bc79-4f05-9701-a3fdc0f12f88",
	"regEx" : ".+",
	"linkedFeature" : {
		"path" : "/sys/type/construct/feature/switching.jtype"
	},
	"associatedFeatureType" : "featurePath",
	"ignoreDelete" : true,
	"cliBlocks" : {
		"@ref" : [
			"/org/instance/construct/global/cliCommands/ios_trunk-cleanup_cli.json"
		]
	},
	"maskCommands" : [
		"^interface",
		"^switchport access",
		"^switchport trunk",
		"^switchport mode"
	],
	"advanced" : {
		"renderingConditions" : [
			"$discover.vlan.trunkAllowed"
		]
	}
}