{
	"@type" : {
		"ref" : "/sys/type/construct/domain/nxosSwitchAssembly.jtype"
	},
	"@id" : "2697d385-8a8f-46ff-9edb-5fb67a781204",
	"domains" : {
		"modules" : {
			"dns" : {
				"policy" : {
					"@ref" : "/org/instance/construct/feature/dns/nxos_dns.json"
				}
			}
		}
	},
	"interfaces" : {
		"portMap" : {
			"@ref" : null
		},
		"ipNumbering" : {
			"@ref" : null
		}
	},
	"boot" : {
		"firmware" : {
			"policy" : {
				"@ref" : null
			},
			"catalog" : {
				"@ref" : null
			}
		}
	},
	"state" : {
		"assessment" : {
		}
	}
}