{
	"@type" : {
		"ref" : "/sys/type/construct/domain/nxosSwitchAssembly.jtype"
	},
	"@id" : "397d9660-5596-4ded-a668-11fd58bfb08b",
	"domains" : {
		"modules" : {
			"snmp" : {
				"policy" : {
					"@ref" : "/org/instance/construct/feature/snmp/nxos_snmp-v3.json"
				}
			},
			"banner" : {
				"policy" : {
					"@ref" : "/org/instance/construct/feature/banner/nxos_banner.json"
				}
			},
			"dns" : {
				"policy" : {
					"@ref" : "/org/instance/construct/feature/dns/nxos_dns.json"
				}
			},
			"ntp" : {
				"policy" : {
					"@ref" : "/org/instance/construct/feature/ntp/nxos_ntp.json"
				}
			},
			"qos" : {
				"policy" : {
					"@ref" : "/org/instance/construct/feature/qos/nxos_qos.json"
				}
			},
			"syslog" : {
				"policy" : {
					"@ref" : "/org/instance/construct/feature/syslog/nxos_syslog.json"
				}
			},
			"username" : {
				"policy" : {
					"@ref" : "/org/instance/construct/feature/username/nxos_username.json"
				}
			}
		}
	},
	"interfaces" : {
		"portMap" : {
			"@ref" : null
		},
		"ipNumbering" : {
			"@ref" : null
		}
	},
	"boot" : {
		"firmware" : {
			"policy" : {
				"@ref" : null
			},
			"catalog" : {
				"@ref" : null
			}
		}
	},
	"state" : {
		"assessment" : {
		}
	}
}