{
	"@type" : {
		"ref" : "/sys/type/construct/domain/nxosSwitchAssembly.jtype"
	},
	"@id" : "dfea9a76-84eb-4ea2-a302-992eca0db5e3",
	"domains" : {
		"modules" : {
			"snmp" : {
				"policy" : {
					"@ref" : "/org/instance/construct/feature/snmp/nxos_snmp.json"
				}
			}
		}
	},
	"interfaces" : {
		"portMap" : {
			"@ref" : null
		},
		"ipNumbering" : {
			"@ref" : null
		}
	},
	"boot" : {
		"firmware" : {
			"policy" : {
				"@ref" : null
			},
			"catalog" : {
				"@ref" : null
			}
		}
	},
	"state" : {
		"assessment" : {
		}
	}
}