{
	"@type" : {
		"ref" : "/sys/type/construct/global/cliStatePolicy.jtype"
	},
	"@id" : "d4f3af07-3628-4e6b-b561-4fbf41399c5b",
	"list" : [
		{
            "item" : {  
                "@ref" : "/org/instance/construct/global/cliStateItem/Aireos_show_cpu.json"
            },
            "params" : "",
            "includePattern" : ".+",
            "excludePattern" : ""
        },
        {
            "item" : {  
                "@ref" : "/org/instance/construct/global/cliStateItem/Aireos_show_memory_summary.json"
            },
            "params" : "",
            "includePattern" : ".+",
            "excludePattern" : ""
        }
	]
}