{
	"@type" : {
		"ref" : "/sys/type/construct/global/cliStatePolicy.jtype"
	},
	"@id" : "cad7a335-1da4-4c44-b3d4-b4ecdd0d860b",
	"list" : [
		{
            "item" : {  
                "@ref" : "/org/instance/construct/global/cliStateItem/IOS_show_proc_cpu.json"
            },
            "params" : "",
            "includePattern" : ".+",
            "excludePattern" : ""
		},
		{
            "item" : {  
                "@ref" : "/org/instance/construct/global/cliStateItem/IOS_show_proc_memory.json"
            },
            "params" : "",
            "includePattern" : ".+",
            "excludePattern" : ""
        }
	]
}