{
	"@type" : {
		"ref" : "/sys/type/construct/global/cliStatePolicy.jtype"
	},
	"@id" : "4e6afbab-52ca-4889-9de5-9fa5b0611cfe",
	"list" : [
        {
            "item" : {  
                "@ref" : "/org/instance/construct/global/cliStateItem/IOS_show_proc_cpu.json"
            },
            "params" : "",
            "includePattern" : ".+",
            "excludePattern" : ""
        },
        {
            "item" : {  
                "@ref" : "/org/instance/construct/global/cliStateItem/NXOS_show_proc_memory.json"
            },
            "params" : "",
            "includePattern" : ".+",
            "excludePattern" : ""
        }
    ]
}