{
	"@type" : {
		"ref" : "/sys/type/construct/domain/iosSwitchAssembly.jtype"
	},
	"@id" : "16392789-35f9-4247-8d35-10b92d65a441",
	"domains" : {
		"modules" : {
			"aaa" : {
				"policy" : {
					"@ref" : "/org/instance/construct/feature/aaa/tacacs-single-step.json"
				}
			}
		}
	},
	"interfaces" : {
		"portLayout" : {
			"@ref" : null
		},
		"portMap" : {
			"@ref" : null
		},
		"ipNumbering" : {
			"@ref" : null
		}
	},
	"agents" : {
		"watchdog" : {
			"policy" : {
				"@ref" : null
			}
		}
	},
	"boot" : {
		"firmware" : {
			"policy" : {
				"@ref" : null
			},
			"catalog" : {
				"@ref" : null
			}
		}
	},
	"state" : {
		"assessment" : {
		}
	}
}