{
	"@type" : {
		"ref" : "/sys/type/construct/domain/iosSwitchAssembly.jtype"
	},
	"@id" : "6f1fd245-2672-44e8-a6e7-576357fa43f2",
	"domains" : {
		"modules" : {
			"switching" : {
				"policy" : {
					"@ref" : "/org/instance/construct/feature/switching/ios_vlan-db.json"
				}
			}
		}
	},
	"interfaces" : {
		"portLayout" : {
			"@ref" : null
		},
		"portMap" : {
			"@ref" : null
		},
		"ipNumbering" : {
			"@ref" : null
		}
	},
	"agents" : {
		"watchdog" : {
			"policy" : {
				"@ref" : null
			}
		}
	},
	"boot" : {
		"firmware" : {
			"policy" : {
				"@ref" : null
			},
			"catalog" : {
				"@ref" : null
			}
		}
	},
	"state" : {
		"assessment" : {
		}
	}
}