{
	"@type" : {
		"ref" : "/sys/type/construct/domain/iosSwitchAssembly.jtype"
	},
	"@id" : "19c99d8a-d5f8-49e8-ba47-ccea1404d6d0",
	"domains" : {
		"modules" : {
			"switching" : {
				"policy" : {
					"@ref" : "/org/instance/construct/feature/switching/ios_switching.json"
				}
			}
		}
	},
	"interfaces" : {
		"portLayout" : {
			"@ref" : "/org/instance/construct/global/switchPortMap/cisco_48p2u.json"
		},
		"portMap" : {
			"@ref" : null
		},
		"ipNumbering" : {
			"@ref" : null
		}
	},
	"agents" : {
		"watchdog" : {
			"policy" : {
				"@ref" : null
			}
		}
	},
	"boot" : {
		"firmware" : {
			"policy" : {
				"@ref" : null
			},
			"catalog" : {
				"@ref" : null
			}
		}
	}
}