{
	"@type" : {
		"ref" : "/sys/type/construct/domain/iosSwitchAssembly.jtype"
	},
	"@id" : "0c525773-4168-4de7-a392-ec61bb873705",
	"domains" : {
		"modules" : {
            "dhcp" : {
                "policy" : {
                    "@ref" : "/org/instance/construct/feature/dhcp/ios_ip-helper-update.json"
                }
            }
		}
	},
	"interfaces" : {
		"portLayout" : {
			"@ref" : null
		},
		"portMap" : {
			"@ref" : null
		},
		"ipNumbering" : {
			"@ref" : null
		}
	},
	"agents" : {
		"watchdog" : {
			"policy" : {
				"@ref" : null
			}
		}
	},
	"state" : {
		"assessment" : {
		}
	}
}