{
	"@type" : {
		"ref" : "/sys/type/construct/domain/iosSwitchAssembly.jtype"
	},
	"@id" : "e2461edd-60ca-4a6a-b51f-f69f315ba5f3",
	"domains" : {
		"modules" : {
            "ntp" : {
                "policy" : {
                    "@ref" : "/org/instance/construct/feature/ntp/ios_ntp-hostname.json"
                }
            }
		}
	},
	"interfaces" : {
		"portLayout" : {
			"@ref" : null
		},
		"portMap" : {
			"@ref" : null
		},
		"ipNumbering" : {
			"@ref" : null
		}
	},
	"agents" : {
		"watchdog" : {
			"policy" : {
				"@ref" : null
			}
		}
	},
	"state" : {
		"assessment" : {
		}
	}
}