{
	"@type" : {
		"ref" : "/sys/type/construct/domain/iosSwitchAssembly.jtype"
	},
	"@id" : "123ebb4c-bfa5-4fa2-b512-aaa7d2b7e95e",
	"domains" : {
		"modules" : {
			"switching" : {
				"policy" : {
					"@ref" : "/org/instance/construct/feature/switching/ios_switching.json"
				}
			}
		}
	},
	"interfaces" : {
		"portLayout" : {
			"@ref" : "/org/instance/construct/global/stackPortMap/stack_iosSwitch_Switchports.json"
		},
		"portMap" : {
			"@ref" : null
		},
		"ipNumbering" : {
			"@ref" : null
		}
	},
	"agents" : {
		"watchdog" : {
			"policy" : {
				"@ref" : null
			}
		}
	},
	"boot" : {
		"firmware" : {
			"policy" : {
				"@ref" : null
			},
			"catalog" : {
				"@ref" : null
			}
		}
	},
	"state" : {
		"assessment" : {
		}
	}
}