{
	"@type" : {
		"ref" : "/sys/type/construct/node/iosSwitch.jtype"
	},
	"@id" : "ca31e98a-a564-425f-9635-8584636cfc3f",
	"site" : {
		"@ref" : null
	},
	"configState" : "managed",
	"entryConnection" : {
		"ip" : "216.93.213.90",
		"userName" : "admin",
		"password" : "qwerty2020L",
		"enablePassword" : "",
		"type" : "ssh",
		"port" : 22
	},
	"options" : {
		"connectionEnabled" : true,
		"previewMode" : false,
		"forcedAttachedStorage" : false
	},
	"campusSwitch" : {
		"enabled" : true
	},
	"associations" : {
		"assembly" : {
			"@ref" : "/org/instance/construct/domain/iosSwitchAssembly/AAA_Assembly.json"
		},
		"provider" : "local"
	},
	"persona" : {
		"type" : "none"
	},
	"hardware" : {
		"vendor" : "auto",
		"expectedSerialNumber" : "auto"
	},
	"provisioning" : {
		"type" : "advanced"
	},
	"iosSwitch" : {
		"enabled" : true
	}
}