{
	"@type" : {
		"ref" : "/sys/type/construct/domain/iosRouterAssembly.jtype"
	},
	"@id" : "306d0815-4a75-4cdd-9259-8d6852005c40",
	"domains" : {
		"modules" : {
			"aaa" : {		
				"policy" : {
					"@ref" : "/org/instance/construct/feature/aaa/tacacs-single-step.json"
				}
			}
		}
	},
	"interfaces" : {
		"portMap" : {
			"@ref" : null
		},
		"ipNumbering" : {
			"@ref" : null
		}
	},
	"agents" : {
		"watchdog" : {
			"policy" : {
				"@ref" : null
			}
		}
	},
	"state" : {
		"assessment" : {
		}
	}
}