{
	"@type" : {
		"ref" : "/sys/type/construct/domain/iosRouterAssembly.jtype"
	},
	"@id" : "f49ffd8a-540d-4f2a-ae06-67b77e8b3a90",
	"domains" : {
        "modules" : {
            "security" : {
                "policy" : {
                    "@ref" : "/org/instance/construct/feature/security/ios_prefix-list.json"
                }
            }
        }
    },
    "interfaces" : {
		"portMap" : {
			"@ref" : null
		},
		"ipNumbering" : {
			"@ref" : null
		}
	},
	"agents" : {
		"watchdog" : {
			"policy" : {
				"@ref" : null
			}
		}
	},
	"state" : {
		"assessment" : {
		}
	}
}