{
	"@type" : {
		"ref" : "/sys/type/construct/domain/iosRouterAssembly.jtype"
	},
	"@id" : "b6bb981e-4731-42e9-aa3a-7b33ea12faec",
	"domains" : {
		"modules" : {
			"qos" : {
				"policy" : {
					"@ref" : "/org/instance/construct/feature/qos/ios_qos.json"
				}
			}
		}
	},
	"interfaces" : {
		"portMap" : {
			"@ref" : null
		},
		"ipNumbering" : {
			"@ref" : null
		}
	},
	"agents" : {
		"watchdog" : {
			"policy" : {
				"@ref" : null
			}
		}
	},
	"boot" : {
		"firmware" : {
			"policy" : {
				"@ref" : null
			},
			"catalog" : {
				"@ref" : null
			}
		}
	},
	"state" : {
		"assessment" : {
		}
	}
}