{
	"@type" : {
		"ref" : "/sys/type/construct/domain/iosRouterAssembly.jtype"
	},
	"@id" : "acd56f1c-e18b-4802-a22b-3300282fbc5e",
	"domains" : {
		"modules" : {
            "syslog" : {
                "policy" : {
                    "@ref" : "/org/instance/construct/feature/syslog/ios_syslog.json"
                }
            }
		}
	},
	"interfaces" : {
		"portMap" : {
			"@ref" : null
		},
		"ipNumbering" : {
			"@ref" : null
		}
	},
	"agents" : {
		"watchdog" : {
			"policy" : {
				"@ref" : null
			}
		}
	},
	"state" : {
		"assessment" : {
		}
	}
}