{
	"@type" : {
		"ref" : "/sys/type/construct/feature/dns.jtype"
	},
	"@id" : "d01aa276-23cc-4a5e-95b8-9f44d78a5ec5",
	"featureConcept" : {
		"name" : " ",
		"cliCommandGroups" : {
			"@ref" : [
				"/org/instance/construct/global/cliCommandGroup/ios_domain-lookup_grp.json",
				"/org/instance/construct/global/cliCommandGroup/ios_domain-name_grp.json",
				"/org/instance/construct/global/cliCommandGroup/ios_dns-server_grp.json"
			]
		}
	},
	"form" : {
		"dns" : {
			"domainName" : "nuc.lab",
			"server" : [
				{
					"ip" : "10.1.255.53"
				},
				{
					"ip" : "10.1.155.53"
				}
			]
		}
	}
}