{
	"@type" : {
		"ref" : "/sys/type/construct/node/iosRouter.jtype"
	},
	"@id" : "a2b57906-2eb8-4551-b6c1-adfba9db5211",
	"site": {
		"@ref": null
	},
	"configState": "managed",
	"entryConnection": {
		"ip" : "192.168.55.30",
		"proxyList" : [
		],
		"userName" : "cisco",
		"password" : "cisco",
		"enablePassword" : "cisco",
		"type": "ssh",
		"port" : 22
	},
	"options" : {
		"connectionEnabled" : true,
		"previewMode" : false,
		"forcedAttachedStorage" : false
	},
	"wanRouter" : {
		"enabled" : true
	},
	"associations" : {
		"assembly" : {
			"@ref" : "/org/instance/construct/domain/iosRouterAssembly/AAA_Assembly.json"
		},
		"provider" : "local"
	},
	"persona" : {
		"type" : "none"
	},
	"hardware" : {
		"vendor" : "auto",
		"expectedSerialNumber" : "auto"
	},
	"provisioning": {
		"type": "advanced"
	},
	"iosRouter": {
		"enabled": true
	}
}