{
	"@type" : {
		"ref" : "/sys/type/construct/global/portMap.jtype"
	},
	"@id" : "fb8d8ef2-c768-47cb-a12c-b90f17280103",
	"map" : [
		{
			"refName" : {
				"@ref" : "/org/instance/construct/global/wanInterface/ISP1.json"
			},
			"name" : "GigabitEthernet1",
			"extendedName" : ""
		},
		{
			"refName" : {
				"@ref" : "/org/instance/construct/global/lanInterface/DATA.json"
			},
			"name" : "GigabitEthernet3",
			"extendedName" : ""
		},
		{
			"refName" : {
				"@ref" : "/org/instance/construct/global/lanInterface/OVRL1.json"
			},
			"name" : "Tunnel100",
			"extendedName" : ""
		},
		{
			"refName" : {
				"@ref" : "/org/instance/construct/global/lanInterface/OVRL2.json"
			},
			"name" : "Tunnel200",
			"extendedName" : ""
		},
		{
			"refName" : {
				"@ref" : "/org/instance/construct/global/lanInterface/MGNT1.json"
			},
			"name" : "Loopback0",
			"extendedName" : ""
		}
	]
}