{
	"@type" : {
		"ref" : "/sys/type/construct/global/portMap.jtype"
	},
	"@id" : "32abe6fb-e8fa-4c61-83af-61a7eef11b5f",
	"map" : [
		{
			"refName" : {
				"@ref" : "/org/instance/construct/global/lanInterface/VLAN200.json"
			},
			"name" : "Vlan200",
			"extendedName" : ""
		},
		{
			"refName" : {
				"@ref" : "/org/instance/construct/global/lanInterface/VLAN400.json"
			},
			"name" : "Vlan400",
			"extendedName" : ""
		},
		{
			"refName" : {
				"@ref" : "/org/instance/construct/global/lanInterface/VLAN600.json"
			},
			"name" : "Vlan600",
			"extendedName" : ""
		}
	]
}