{
	"@type" : {
		"ref" : "/sys/type/construct/feature/ntp.jtype"
	},
	"@id" : "20d199d4-99b0-44c1-a392-82f0bb4e817b",
	"featureConcept" : {
		"name" : "NXOS NTP",
		"cliCommandGroups" : {
			"@ref" : [
				"/org/instance/construct/global/cliCommandGroup/nxos_feature-ntp_grp.json",
				"/org/instance/construct/global/cliCommandGroup/nxos_ntp-server_grp.json"
			]
		}
	},
	"form" : {
		"ntp" : {
			"server" : [
				{
					"ip" : "10.1.2.3",
					"version" : 4,
					"key" : ""
				},
				{
					"ip" : "10.23.44.4",
					"version" : 4,
					"key" : ""
				}
			],
			"srcInt" : {
				"@ref" : null
			}
		}
	}
}