{
	"@type" : {
		"ref" : "/sys/type/construct/global/cliStateItem.jtype"
	},
	"@id" : "43486567-4d7e-4e4b-a727-99b6027d606b",
	"cmd" : "show ap summary",
	"rootEntry" : "yes",
	"groupName" : "wlc",
	"discover" : {
		"apSummary" : {
			"expressions" : [
				"(?<name>[\\w-]+)\\s+(?<slots>[0-9]+)\\s+(?<model>[\\w-]+)\\s+(?<mac>[0-9A-Fa-f:]+)\\s+(?<location>\\b.+\\b)\\s+(?<country>[A-Z]{2})\\s+(?<ip>\\d{1,3}\\.\\d{1,3}\\.\\d{1,3}\\.\\d{1,3})\\s+(?<clients>[0-9]+)"
			],
			"localKey" : "name"
		}
	},
	"options" : {
	}
}