{
	"@type" : {
		"ref" : "/sys/type/construct/global/cliStateItem.jtype"
	},
	"@id" : "f95a74d7-dd77-48b0-9cb9-d162c627a337",
	"cmd": "show ip bgp neighbors #context.ipBgpNeighbor",
	"keyLineRegEx": "BGP neighbor is ([0-9a-f\\.]+)",
	"groupName": "bgpNeighbors",
	"discover": {
		"peers_up": {
			"expressions": [
				"BGP state = (?<bgpState>Established)"
			]
		},
		"peers_down": {
			"expressions": [
				"BGP state = (?<bgpState>(?!Established)\\w+)"
			]
		}
	},
	"options": {},
	"rootEntry": "no"
}