{
	"@type" : {
		"ref" : "/sys/type/construct/global/cliStateItem.jtype"
	},
	"@id" : "b5f9bf24-b69b-4d48-97d7-5fb51dedbaf3",
	"cmd" : "sh crypto pki server $context.processName requests",
	"rootEntry" : "yes",
	"groupName" : "iosCaRequestQueue",
	"discover" : {
		"state" : {
			"expressions" : [
				"(?<requestId>\\d+)\\s+(?<state>\\w+)\\s+(?<md5Fingerprint>[0-9A-F]{32})\\s+serialNumber=(?<serialNumber>[0-9A-Z]+)\\+(?<subjectName>.+)"
			],
			"localKey" : ""
		}
	},
	"options" : {
		"params" : [
			{
				"name" : "processName",
				"label" : "IOS CA PKI Processs Name",
				"description" : "The name of the IOS CA process name"
			}
		]
	}
}