{
	"@type" : {
		"ref" : "/sys/type/construct/global/cliStateItem.jtype"
	},
	"@id" : "29f00c03-7c0e-419e-9256-6691dfc436ca",
    "cmd": "show ip bgp neighbors #context.ipBgpNeighbor",
    "keyLineRegEx": "BGP neighbor is ([0-9a-f\\.]+)",
    "groupName": "bgpNeighbors",
    "discover": {
        "peers": {
            "expressions": [
                "BGP neighbor is (?<ipAddress>[0-9a-f\\.]+),  remote AS (?<remoteAS>\\d+), (?<linkType>internal|external) link",
                "BGP version 4, remote router ID (?<remoteRouterId>(?:\\d{1,3}\\.){3}\\d{1,3})",
                "BGP state = (?<bgpState>\\w+), up for (?<upTime>[:0-9]+)"
            ]
        }
    },
    "rootEntry": "no",
    "options": {}
}