{
	"@type" : {
		"ref" : "/sys/type/construct/global/cliStateItem.jtype"
	},
	"@id" : "42f03d61-4930-4ef3-a699-f8db1f84aadf",
	"cmd" : "sh crypto pki server",
	"rootEntry" : "no",
	"keyLineRegEx" : "Certificate Server (.+):",
	"groupName" : "iosCa",
	"discover" : {
		"state" : {
			"expressions" : [
				"Status: (?<status>.+)",
				"State: (?<state>.+)",
				"Last certificate issued serial number \\(hex\\): (?<lastIssuedSerialNumber>[0-9A-F]+)",
				"CA certificate expiration timer: (?<caExpirationDate>.+)"
			]
		},
		"config" : {
			"expressions" : [
				"CA cert fingerprint: (?<md5Fingerprint>.+)",
				"Granting mode is: (?<grantMode>.+)",
				"Issuer name: (?<issuerName>.+)",
				"configuration is (?<lock>\\w+)"
			]
		}
	},
	"options" : {
	}
}