{
	"@type" : {
		"ref" : "/sys/type/construct/global/cliStateItem.jtype"
	},
	"@id" : "61334bae-78d9-44a9-84e4-b6e1aaaf0f58",
	"cmd" : "show npv status",
	"rootEntry" : "yes",
	"groupName" : "NPV",
	"discover" : {
		"details" : {
			"expressions" : [
				"^npiv is (?<status>\\S+)",
				"^disruptive load balancing is (?<disruptiveLB>\\S+)",
				"^  Number of External Interfaces: (?<externalInterfaces>\\d+)",
				"^  Number of Server Interfaces: (?<serverInterfaces>\\d+)"
			],
			"localKey" : "",
			"preserveLocalKey" : false
		}
	},
	"options" : {
		"generateLocalKey" : true
	}
}