{
	"@type" : {
		"ref" : "/sys/type/construct/global/cliStateItem.jtype"
	},
	"@id" : "5e7ad538-f66c-481d-8c9a-76179ad17bfa",
	"cmd": "show vpc role",
	"groupName": "vpcRole",
	"discover": {
		"vPC": {
			"expressions": [
				"^vPC[\\s\\+]+ role\\s+:\\s+(?<role>\\S+)",
				"^vPC system-mac\\s+:\\s+(?<systemMac>\\S+)",
				"^vPC system-priority\\s+:\\s+(?<systemPriority>\\S+)",
				"^vPC local role-priority\\s+:\\s+(?<localPriority>\\S+)"
			],
			"localKey": "",
			"preserveLocalKey": false
		}
	},
	"options": {
		"generateLocalKey": true
	},
	"rootEntry": "yes"
}