{
	"@type" : {
		"ref" : "/sys/type/construct/feature/aaa.jtype"
	},
	"@id" : "23f019a0-71d1-4879-808c-8ffe946cee24",
	"featureConcept" : {
		"name" : "Tacacs Server",
		"cliCommandGroups" : {
			"@ref" : [
				"/org/instance/construct/global/cliCommandGroup/ios_aaa-tacacs-server_grp.json"
			]
		}
	},
	"form" : {
		"aaa" : [
			{
				"name" : "GluwAAAre",
				"tacacs" : [
					{
						"name" : "tacacs1",
						"ip" : "10.50.50.252",
						"key" : "096860283A0118171802103D243623",
						"timeout" : 5
					},
					{
						"name" : "tacacs2",
						"ip" : "10.55.55.252",
						"key" : "052F282E0248410C0A0B0305041E0F",
						"timeout" : 30
					}
				],
				"srcInt" : {
					"@ref" : null
				},
				"vrf" : {
					"@ref" : null
				}
			}
		]
	}
}