{
	"@type" : {
		"ref" : "/sys/type/construct/feature/aaa.jtype"
	},
	"@id" : "0e134b01-8e41-415f-976d-2f52e88735bf",
	"featureConcept" : {
		"name" : "Tacacs Migration - Single Step",
		"cliCommandGroups" : {
			"@ref" : [
				"/org/instance/construct/global/cliCommandGroup/ios_tacacs-remove-single-step_grp.json",
				"/org/instance/construct/global/cliCommandGroup/ios_tacacs-add-single-step_grp.json",
				"/org/instance/construct/global/cliCommandGroup/ios_intf-mgmt_grp.json",
				"/org/instance/construct/global/cliCommandGroup/ios_aaa-group-server_grp.json",
				"/org/instance/construct/global/cliCommandGroup/ios_aaa-auth_grp.json",
				"/org/instance/construct/global/cliCommandGroup/ios_tacacs-key-remove_grp.json"
			]
		}
	},
  "form" : {
		"aaa" : [
			{
				"name" : "Gluware-ACS",
				"tacacs" : [
					{
						"name" : "Glu-ACS1",
						"ip" : "10.10.10.10",
						"key" : "thiskey",
						"timeout" : 30
					},
					{
						"name" : "Glu-ACS2",
						"ip" : "20.20.20.20",
						"key" : "thiskey",
						"timeout" : 30
					}
				],
				"srcInt" : {
					"@ref" : "/org/instance/construct/global/lanInterface/MGNT1.json"
				},
				"srcIntOverride" : true,
				"vrf" : {
					"@ref" : null
				}
			}
		]
	}
}