{
	"@type" : {
		"ref" : "/sys/type/construct/domain/ipv4Pool.jtype"
	},
	"@id" : "04425c80-79cd-454e-8717-7b6d713840ec",
	"description" : "",
	"type" : "ipv4",
	"summary" : "10.0.1.0/24",
	"reservations" : [
		{
			"subnet" : "10.0.1.11",
			"device" : {
				"serialNumber" : "99N6KJZH8C5"
			}
		}
	],
	"ranges" : [
		{
			"name" : {
				"@ref" : "/org/instance/construct/global/subnetRange/dmvpn-spoke-subnetRange.json"
			},
			"ips" : [
				"10.0.1.1-10.0.1.10"
			]
		}
	],
	"allocationMode" : "hostBased",
	"options" : {
		"oversubscribingMode" : false
	}
}