{
	"@type" : {
		"ref" : "/sys/type/construct/domain/ipv4Pool.jtype"
	},
	"@id" : "9b10b00a-0684-4802-b2b0-68870f6a63b6",
	"description" : "Branch LAN",
	"type" : "ipv4",
	"summary" : "172.31.255.0/24",
	"reservations" : [
		{
			"subnet" : "172.31.255.1",
			"device" : {
				"serialNumber" : "93BYWWC2EAN"
			}
		},
		{
			"subnet" : "172.31.255.2",
			"device" : {
				"serialNumber" : "9S90JNP0JIR"
			}
		},
		{
			"subnet" : "172.31.255.3",
			"device" : {
				"serialNumber" : "9ZLOFSVQ20V"
			}
		},
		{
			"subnet" : "172.31.255.4",
			"device" : {
				"serialNumber" : "9YM4DICUYZE"
			}
		}
	],
	"ranges" : [
		{
			"name" : {
				"@ref" : "/org/instance/construct/global/subnetRange/dmvpn-spoke-subnetRange.json"
			},
			"ips" : [
				"172.31.255.1-172.31.255.254"
			]
		}
	],
	"allocationMode" : "hostBased",
	"options" : {
		"oversubscribingMode" : false
	}
}