{
	"@type" : {
		"ref" : "/sys/type/construct/global/cliCommands.jtype"
	},
	"@id" : "8c61a53d-dd0c-4b97-91bd-d615bce6913d",
	"item" : {
		"@ref" : "/org/instance/construct/global/conceptItem/IOS_Intf2_modified.json"
	},
	"cliCommands" : [
		"interface $context.portMap[*].name",
		" authentication open",
		" authentication control-direction in",
		" authentication event fail action next-method",
		" authentication event server dead action reinitialize vlan $discover.vlan.access",
		" authentication event server dead action authorize voice",
		" authentication event server alive action reinitialize",
		" authentication host-mode multi-auth",
		" authentication order mab dot1x",
		" authentication priority dot1x mab",
		" authentication port-control auto",
		" authentication periodic",
		" authentication timer reauthenticate server",
		" authentication violation restrict",
		" mab",
		" dot1x pae authenticator",
		" dot1x timeout tx-period 3",
		"!"
	],
	"advanced" : {
		"filter" : null
	}
}