{
	"@type" : {
		"ref" : "/sys/type/construct/global/cliCommands.jtype"
	},
	"@id" : "3bd69536-0fbf-4827-be4e-6d8fbc605a56",
	"item" : {
		"@ref" : "/org/instance/construct/global/conceptItem/IOS_PolicyMap.json"
	},
	"cliCommands" : [
		"policy-map pmap_qos-wan-counting-in",
		" class cmap_qos-wan-class1_rt",
		"  set ip dscp ef",
		" class cmap_qos-wan-class2_high",
		"  set ip dscp af41",
		" class cmap_qos-wan-class2_low",
		"  set ip dscp af41",
		" class cmap_qos-wan-class3_high",
		"  set ip dscp af31",
		" class cmap_qos-wan-class3_low",
		"  set ip dscp af31",
		" class cmap_qos-wan-class4_high",
		"  set ip dscp af21",
		" class cmap_qos-wan-class4_low",
		"  set ip dscp af21",
		" class cmap_qos-wan-class5_high",
		"  set ip dscp af11",
		" class cmap_qos-wan-class5_low",
		"  set ip dscp af11",
		"!",
		"!",
		"policy-map pmap_qos-wan-queuing",
		" class cmap_qos-voice",
		"  priority percent 10",
		" class cmap_qos-realtime",
		"  bandwidth remaining percent 40 ",
		"  random-detect dscp-based",
		"  random-detect dscp 34 300 600 20",
		"  queue-limit 900 packets",
		" class cmap_qos-scavenger",
		"  bandwidth remaining percent 1 ",
		"  queue-limit 1200 packets",
		"  random-detect dscp-based",
		"  random-detect dscp 10 400 800 20",
		" class cmap_qos-critical",
		"  bandwidth remaining percent 40 ",
		"  random-detect dscp-based",
		"  random-detect dscp 26 300 600 20",
		"  queue-limit 900 packets",
		" class cmap_qos-transactionalData",
		"  bandwidth remaining percent 10 ",
		"  random-detect dscp-based",
		"  random-detect dscp 18 300 600 20",
		"  queue-limit 900 packets",
		" class cmap_qos-networkManagement",
		"  bandwidth remaining percent 1 ",
		"  random-detect dscp-based",
		"  random-detect dscp 56 300 600 20",
		"  queue-limit 900 packets",
		" class class-default",
		"  bandwidth remaining percent 8 ",
		"  random-detect dscp-based",
		"  random-detect dscp 0 300 600 20",
		"  queue-limit 900 packets",
		"!",
		"!",
		"policy-map pmap_qos-lan-marking-in",
		" class cmap_qos-voice",
		"  set ip dscp ef",
		" class cmap_qos-realtime",
		"  set ip dscp af41",
		" class cmap_qos-scavenger",
		"  set ip dscp af11",
		" class cmap_qos-critical",
		"  set ip dscp af31",
		" class cmap_qos-transactionalData",
		"  set ip dscp af21",
		" class cmap_qos-external",
		"  set ip dscp default",
		" class cmap_qos-networkManagement",
		"  set ip dscp cs7",
		" class class-default",
		"!",
		"!",
		"policy-map pmap_qos-wanShaping",
		" class class-default",
		"  bandwidth $context.intf.bandwidth",
		"   service-policy pmap_qos-wan-queuing"
	],
	"advanced" : {
		"filter" : null
	}
}