{
	"@type" : {
		"ref" : "/sys/type/construct/global/cliCommands.jtype"
	},
	"@id" : "6a5e41d3-ad36-48e4-a3a5-2c557147196c",
	"item" : {
		"@ref" : "/org/instance/construct/global/conceptItem/IOS_Intf2.json"
	},
	"cliCommands" : [
		"interface $context.portMap.ISP1.name",
		" service-policy input pmap_qos-wan-counting-in",
		"!",
		"interface $context.portMap.DATA1.name",
		" service-policy input pmap_qos-lan-marking-in",
		"!",
		"interface $context.portMap.DATA2.name",
		" service-policy input pmap_qos-lan-marking-in",
		"!"
	],
	"advanced" : {
		"filter" : null
	}
}