{
	"@type" : {
		"ref" : "/sys/type/construct/global/cliCommands.jtype"
	},
	"@id" : "1df2552a-487a-444a-b9b3-4234846ac0ad",
	"item" : {
		"@ref" : "/org/instance/construct/global/conceptItem/IOS_IpsecProfile.json"
	},
	"cliCommands" : [
		"crypto ipsec profile DMVPN-IPSEC-PROFILE-$context.networks[*].overlayNetwork.id",
		" set security-association lifetime seconds 43200",
		" set security-association idle-time 300",
		" set transform-set AES256/SHA/TRANSPORT",
		" set ikev2-profile DMVPN-IKE-PROFILE-$context.networks[*].overlayNetwork.id",
		"!"
	],
	"advanced" : {
		"filter" : null
	}
}