{
	"@type" : {
		"ref" : "/sys/type/construct/global/cliCommands.jtype"
	},
	"@id" : "2dd3b53d-4faf-4409-afd9-a7032a75f683",
	"item" : {
		"@ref" : "/org/instance/construct/global/conceptItem/IOS_NetflowRecord.json"
	},
	"cliCommands" : [
		"flow record $context.flow.record.name",
		" match ipv4 tos",
		" match ipv4 protocol",
		" match ipv4 source address",
		" collect routing source as",
		" collect routing destination as",
		" collect routing next-hop address ipv4",
		" collect ipv4 dscp",
		" collect ipv4 id",
		" collect ipv4 source prefix",
		" collect ipv4 source mask",
		" collect ipv4 destination mask",
		" collect transport tcp flags",
		" collect interface output",
		" collect flow sampler",
		" collect counter bytes",
		" collect counter packets",
		" collect application name",
		"!"
	],
	"advanced" : {
		"filter" : null
	}
}