{
	"@type" : {
		"ref" : "/sys/type/construct/global/cliCommands.jtype"
	},
	"@id" : "adeed6a5-f463-4d09-bdaa-66000c3873a0",
	"item" : {
		"@ref" : "/org/instance/construct/global/conceptItem/IOS_Switch_SwitchPort.json"
	},
	"cliCommands" : [
		"interface $context.switchPorts[*].name",
		" description $context.switchPorts[*].description",
		" switchport mode access",
		" switchport access vlan $context.switchPorts[*].settings.vlan.access",
		" switchport voice vlan $context.switchPorts[*].settings.vlan.voice",
		"!"
	],
	"advanced" : {
		"filter" : null
	}
}