{
	"@type" : {
		"ref" : "/sys/type/construct/global/cliCommands.jtype"
	},
	"@id" : "1b74e9c4-113f-4be0-8a72-0736988c4069",
	"item" : {
		"@ref" : "/org/instance/construct/global/conceptItem/IOS_IpAclRuleAndRemarks.json"
	},
	"cliCommands" : [
		"ip access-list extended acl-wan-in",
		" permit tcp any any eq 22 log",
		" permit tcp any any eq 80",
		" permit tcp any any eq 443",
		" permit tcp any any eq 53",
		" permit udp any any eq 53",
		" permit tcp $context.portMap.GigabitEthernet1.ipv4.subnet.subnetId $context.portMap.GigabitEthernet1.ipv4.subnet.wildCardMask any",
		" permit tcp $context.portMap.Loopback0.ipv4.subnet.subnetId $context.portMap.Loopback0.ipv4.subnet.wildCardMask any",
		" permit icmp any any echo-reply log",
		" permit udp any any eq isakmp log",
		" permit gre any any log",
		" permit esp any any log",
		" permit tcp $context.portMap[*].ipv4.subnet.subnetId $context.portMap[*].ipv4.subnet.wildCardMask any"
	],
	"advanced" : {
		"filter" : null
	}
}