{
	"@type" : {
		"ref" : "/sys/type/construct/global/cliCommands.jtype"
	},
	"@id" : "f61f1b22-853f-4085-95c2-21fd2e50f7aa",
	"item" : {
		"@ref" : "/org/instance/construct/global/conceptItem/IOS_Router.json"
	},
	"cliCommands" : [
		"router eigrp dmvpn",
		" !",
		" address-family ipv4 unicast autonomous-system 9999",
		"  !",
		"  af-interface default",
		"   passive-interface",
		"  exit-af-interface",
		"  !",
		"  af-interface Tunnel$context.networks[*].overlayNetwork.id",
		"   hello-interval 20",
		"   hold-time 60",
		"   no passive-interface",
		"   stub-site wan-interface",
		"  exit-af-interface",
		"  !",
		"  topology base",
		"   redistribute $context.ospf.procId",
		"  exit-af-topology",
		"  network $context.networks[*].overlayIntf.ipv4.subnet.subnetId $context.networks[*].overlayIntf.ipv4.subnet.wildCardMask",
		"  network $context.portMap.MGNT1.ipv4.subnet.subnetId $context.portMap.MGNT1.ipv4.subnet.wildCardMask",
		"  network $context.portMap.DATA1.ipv4.subnet.subnetId $context.portMap.DATA1.ipv4.subnet.wildCardMask",
		"  network $context.portMap.DATA2.ipv4.subnet.subnetId $context.portMap.DATA2.ipv4.subnet.wildCardMask",
		"  eigrp router-id $context.portMap.MGNT1.ipv4.subnet.ipAddress",
		"  eigrp stub-site 1:10",
		" exit-address-family",
		"!"
	],
	"advanced" : {
		"filter" : null
	}
}