{
	"@type" : {
		"ref" : "/sys/type/construct/global/cliCommands.jtype"
	},
	"@id" : "460aecb0-0a4e-4173-8422-e29848ee78ed",
	"item" : {
		"@ref" : "/org/instance/construct/global/conceptItem/IOS_ClassMap.json"
	},
	"cliCommands" : [
		"class-map match-any cmap_qos-critical",
		" match ip dscp af31",
		"class-map match-any cmap_qos-realtime",
		" match ip dscp af41",
		"class-map match-any cmap_qos-scavenger",
		" match ip dscp af11",
		"class-map match-any cmap_qos-voice",
		" match ip dscp ef",
		"class-map match-any cmap_qos-transactionalData",
		" match ip dscp af21",
		"class-map match-any cmap_qos-networkManagement",
		" match ip dscp cs7",
		"!",
		"!",
		"class-map match-any cmap_qos-networkManagement",
		" match access-group name acl_qos-networkManagement",
		"class-map match-any cmap_qos-realtime",
		" match access-group name acl_qos-realtime",
		"class-map match-any cmap_qos-critical",
		" match access-group name acl_qos-critical",
		"class-map match-any cmap_qos-voice",
		" match access-group name acl_qos-voice",
		"class-map match-any cmap_qos-scavenger",
		" match access-group name acl_qos-scavenger",
		"class-map match-any cmap_qos-external",
		" match access-group name acl_qos-external",
		"class-map match-any cmap_qos-transactionalData",
		" match access-group name acl_qos-transactionalData",
		"!",
		"!",
		"class-map match-all cmap_qos-wan-class1_rt",
		" match ip dscp ef",
		"class-map match-all cmap_qos-wan-class2_low",
		" match ip dscp af42  af43",
		"class-map match-all cmap_qos-wan-class2_high",
		" match ip dscp af41",
		"class-map match-all cmap_qos-wan-class3_low",
		" match ip dscp af32  af33",
		"class-map match-all cmap_qos-wan-class3_high",
		" match ip dscp af31",
		"class-map match-all cmap_qos-wan-class4_low",
		" match ip dscp af22  af23",
		"class-map match-all cmap_qos-wan-class4_high",
		" match ip dscp af21",
		"class-map match-all cmap_qos-wan-class5_low",
		" match ip dscp af12  af13",
		"class-map match-all cmap_qos-wan-class5_high",
		" match ip dscp af11",
		"!"
	],
	"advanced" : {
		"filter" : null
	}
}