{
	"@type" : {
		"ref" : "/sys/type/construct/global/cliCommands.jtype"
	},
	"@id" : "28cb5383-b9cc-4c58-8508-1fa020a3d9d1",
	"item" : {
		"@ref" : "/org/instance/construct/global/conceptItem/IOS_Switch_SwitchPort.json"
	},
	"cliCommands" : [
		"interface $context.switchPorts[*].name",
		" description $context.switchPorts[*].settings.description",
		" switchport mode trunk",
		" switchport trunk allowed vlan $context.switchPorts[*].settings.dot1q.includedVlansRange",
		" switchport trunk native vlan $context.switchPorts[*].settings.dot1q.nativeVlan",
		" spanning-tree vlan $context.switchPorts[*].settings.spanningTree.vlanId",
		" spanning-tree cost $context.switchPorts[*].settings.spanningTree.pathCost",
		"!"
	],
	"advanced" : {
		"filter" : null
	}
}