{
	"@type" : {
		"ref" : "/sys/type/construct/global/cliCommands.jtype"
	},
	"@id" : "61a44516-4ba8-419e-b01b-235b93a0fc3c",
	"item" : {
		"@ref" : "/org/instance/construct/global/conceptItem/IOS_IpAcl.json"
	},
	"cliCommands" : [
		"ip access-list extended acl_qos-networkManagement",
		" permit tcp any any eq bgp",
		" permit tcp any any eq telnet",
		" permit tcp any any eq 22",
		" permit ip any any dscp cs6",
		" permit ip any any dscp cs7",
		"ip access-list extended acl_qos-realtime",
		" permit udp any any range 7500 7501",
		" permit udp any any range 9000 9001",
		" permit udp any any eq 33434",
		" permit tcp any any eq 33434",
		" permit udp any any eq 1935",
		" permit ip any any dscp cs4",
		" permit ip any any dscp af41",
		" permit ip any any dscp af42",
		" permit ip any any dscp af43",
		"ip access-list extended acl_qos-scavenger",
		" permit tcp any any eq 8080 8081",
		" permit tcp any any eq 8085",
		" permit tcp any any eq 1500",
		" permit tcp any any eq 8400 8401 8402",
		" permit tcp any any range 8600 8650",
		" permit tcp any any eq 2051",
		" permit ip any any dscp cs1",
		" permit ip any any dscp af11",
		" permit ip any any dscp af12",
		" permit ip any any dscp af13",
		"ip access-list extended acl_qos-critical",
		" permit tcp any any eq 3201 3301 3601",
		" permit udp any any eq 5061",
		" permit tcp any any eq 5061",
		" permit udp any any eq 5060",
		" permit tcp any any eq 5060",
		" permit tcp any any eq 443",
		" permit udp any any range 1719 1720",
		" permit tcp any any range 1719 1720",
		" permit tcp any any range 2000 2002",
		" permit ip any any dscp cs3",
		" permit ip any any dscp af31",
		" permit ip any any dscp af32",
		" permit ip any any dscp af33",
		"ip access-list extended acl_qos-transactionalData",
		" permit udp any any range netbios-ns netbios-ss",
		" permit tcp any any range 137 139",
		" permit tcp any any eq 445",
		" permit tcp any any eq ftp-data ftp 989 990",
		" permit ip any any dscp cs2",
		" permit ip any any dscp af21",
		" permit ip any any dscp af22",
		" permit ip any any dscp af23",
		"ip access-list extended acl_qos-voice",
		" permit udp any any range 16384 32767 dscp ef",
		" permit ip any any dscp ef",
		"!"
	],
	"advanced" : {
		"filter" : null
	}
}