{
	"@type" : {
		"ref" : "/sys/type/construct/global/cliCommands.jtype"
	},
	"@id" : "46d1927f-f4e6-4930-9574-f8b83faaa8da",
	"item" : {
		"@ref" : "/org/instance/construct/global/conceptItem/IOS_NtpAgent.json"
	},
	"cliCommands" : [
		"clock timezone PST -7 0",
		"clock summer-time PDT recurring",
		"!",
		"ntp server 10.12.1.11",
		"ntp server 10.12.2.11",
		"ntp server $context.ntp.server[*].ip",
		"!",
		"ntp source $context.portMap.MGNT1.name",
		"!",
		"ntp panic update"
	],
	"advanced" : {
		"filter" : null
	}
}