{
	"@type" : {
		"ref" : "/sys/type/construct/global/cliCommands.jtype"
	},
	"@id" : "7efc2fe9-372c-4824-afd9-001431e32708",
	"item" : {
		"@ref" : "/org/instance/construct/global/conceptItem/IOS_Router.json"
	},
	"cliCommands" : [
		"router bgp 64629",
		" bgp log-neighbor-changes",
		" timers bgp 60 180 0",
		" !",
		" address-family ipv4",
		"  network $context.portMap.DATA1.ipv4.subnet.subnetId mask $context.portMap.DATA1.ipv4.subnet.subnetMask",
		"  network $context.portMap.DATA2.ipv4.subnet.subnetId mask $context.portMap.DATA2.ipv4.subnet.subnetMask",
		"  network $context.portMap.MGNT1.ipv4.subnet.subnetId mask $context.portMap.MGNT1.ipv4.subnet.subnetMask",
		"!"
	],
	"advanced" : {
		"filter" : null
	}
}