{
	"@type" : {
		"ref" : "/sys/type/construct/global/cliCommands.jtype"
	},
	"@id" : "e36c8740-af35-45bf-bde4-5b6507544b53",
	"item" : {
		"@ref" : "/org/instance/construct/global/conceptItem/NXOS_IpAcl.json"
	},
	"cliCommands" : [
		"ip access-list qos-clinical-life-critical",
		"  10 remark Clinical Life Critical traffic between associated clinical subnets.",
		"  20 remark This ACL deliberately left blank - Reserved for Future Use",
		"!",
		"ip access-list qos-high-throughput-data",
		"  10 remark High-throughput data traffic (FTP, etc.)",
		"  20 remark This ACL deliberately left blank - Reserved for Future Use",
		"!",
		"ip access-list qos-low-latency-data",
		"  10 remark Latency sensitive Data application traffic",
		"  20 remark This ACL deliberately left blank - Reserved for Future Use",
		"!",
		"ip access-list qos-low-priority-data",
		"  10 remark Low priority (i.e. Scavenger) traffic from non-business oriented applications",
		"  20 remark --- External Networks ---",
		"  30 permit ip any any",
		"!",
		"ip access-list qos-multimedia-conferencing",
		"  10 remark Multimedia Conferencing traffic between sanctioned applications and",
		"  20 remark associated TCP/UDP ports.",
		"  30 remark Traversal Calls",
		"  40 permit udp any gt 1023 10.11.0.0 0.15.255.63 gt 1023",
		"  50 permit udp 10.11.0.0 0.15.255.63 gt 1023 any gt 1023",
		"!",
		"ip access-list qos-multimedia-streaming",
		"  10 remark Multimedia Streaming traffic from sanctioned streaming audio/video endpoints",
		"  20 remark at the access layer.",
		"  30 permit udp 10.1.0.128 0.15.255.63 gt 1023 10.1.0.128 0.15.255.63 gt 1023",
		"!",
		"ip access-list qos-network-control",
		"  10 remark Network protocol traffic",
		"  20 permit pim any any",
		"  30 permit tcp any any eq bgp",
		"  40 permit tcp any eq bgp any",
		"!",
		"ip access-list qos-network-management",
		"  10 remark Utilities for access to network devices.",
		"  20 permit tcp any any eq telnet",
		"  30 permit tcp any eq telnet any",
		"  40 permit tcp any any eq 22",
		"  50 permit tcp any eq 22 any",
		"  60 permit udp any any eq syslog",
		"  70 permit udp any eq syslog any",
		"  80 permit tcp any any eq tacacs",
		"  90 permit tcp any eq tacacs any",
		"!",
		"ip access-list qos-real-time-interactive",
		"  10 remark Real-Time Interactive traffic (i.e. Immersive TelePresence)",
		"  20 permit udp 10.11.0.64 0.15.255.63 gt 1023 10.11.0.64 0.15.255.63 gt 1023",
		"!",
		"ip access-list qos-signaling",
		"  10 remark Deny voice, video, and audio streams expressly NOT related to",
		"  20 remark QoS call signaling functions.",
		"  30 remark SCCP and Secure SCP",
		"  40 permit tcp any any eq 2000",
		"  50 permit tcp any any eq 2443",
		"  60 remark H323 Q931 and H225 Call Signaling",
		"  70 permit udp any any eq 1719",
		"  80 permit tcp any any eq 1720",
		"!",
		"ip access-list qos-voice",
		"  10 remark Phone media traffic between valid endpoints (IP phones, IPTgateways,",
		"  20 remark & IPT servers)",
		"  30 permit udp 10.87.0.0/12 range 16384 32768 10.87.0.0/12 range 16384 32768",
		"!"
	],
	"advanced" : {
		"filter" : null
	}
}